{
  "meta": {
    "created_utc": "2026-03-07T10:00:10.943240Z",
    "script": "analysis/fit_rom_mvp.py",
    "log_csv": "outputs/comm_step_cb4_high_S2.csv",
    "exog_csv": "scenarios/comm_exog_direct5_step_cb4_high.csv",
    "cb": 4,
    "warmup_s": 300.0,
    "dt_s": 15.0,
    "cp_J_per_kgK": 4180.0,
    "pit_source": "power[4] (EXOG)",
    "weights": {
      "wT": 1.0,
      "wQ": 1.0,
      "wDyn": 1.0,
      "wEps": 10.0,
      "wPrior": 0.01
    },
    "bias": {
      "bT_max_K": 3.0,
      "sig_bT_K": 0.5
    }
  },
  "fit": {
    "UA0_W_per_K": 232042.9892683987,
    "alpha": 0.3380097713720558,
    "Cmin_ref_W_per_K": 41444.09326729428,
    "eta_p": 2.1956509617160727,
    "tau_q_s": 6.678930350689241,
    "C_th_J_per_K": 39767545.006197564,
    "biases_K": {
      "b_a1": 0.5870071705266753,
      "b_b1": -0.5825587201429311,
      "b_a2": 0.18880388372932938
    },
    "K_eff_Pa_per_kg2_s2": 238.12402106569647,
    "eps_median": 0.9192960595704202,
    "UA_t_median": 232042.9892683987,
    "UA_t_min": 225074.68172638462,
    "UA_t_max": 232532.14211779446
  },
  "fit_quality": {
    "rmse_Ts_K": 0.8082576133863181,
    "rmse_Q_kW": 7.955643092931816,
    "optimizer_success": true,
    "optimizer_status": 0,
    "optimizer_message": "CONVERGENCE: RELATIVE REDUCTION OF F <= FACTR*EPSMCH"
  }
}